103.42.144.0,103.42.147.255,TW
103.42.148.0,103.42.151.255,TW
103.43.48.0,103.43.51.255,TW
103.46.144.0,103.46.147.255,TW
103.46.188.0,103.46.191.255,TW
103.61.136.0,103.61.139.255,TW
103.196.172.0,103.196.175.255,TW
103.207.252.0,103.207.255.255,TW
103.228.216.0,103.228.219.255,TW
103.51.140.0,103.51.143.255,TW
103.197.172.0,103.197.175.255,TW
103.208.196.0,103.208.197.255,TW
103.224.132.0,103.224.135.255,TW
103.224.192.0,103.224.195.255,TW
103.224.200.0,103.224.203.255,TW
103.224.204.0,103.224.207.255,TW
103.225.0.0,103.225.3.255,TW
103.37.36.0,103.37.39.255,TW
115.30.64.0,115.30.127.255,TW
115.42.80.0,115.42.95.255,TW
115.42.112.0,115.42.119.255,TW
115.43.0.0,115.43.255.255,TW
111.235.192.0,111.235.255.255,TW
111.240.0.0,111.255.255.255,TW
113.61.128.0,113.61.255.255,TW
113.196.0.0,113.196.255.255,TW
116.89.128.0,116.89.143.255,TW
117.103.96.0,117.103.111.255,TW
119.14.0.0,119.14.255.255,TW
119.15.192.0,119.15.255.255,TW
103.234.40.0,103.234.43.255,TW
103.234.76.0,103.234.79.255,TW
103.234.80.0,103.234.83.255,TW
103.252.68.0,103.252.71.255,TW
103.252.128.0,103.252.131.255,TW
103.252.196.0,103.252.199.255,TW
103.252.244.0,103.252.244.255,TW
106.1.0.0,106.1.255.255,TW
106.64.0.0,106.65.255.255,TW
106.104.0.0,106.107.255.255,TW
111.67.48.0,111.67.63.255,TW
111.70.0.0,111.71.255.255,TW
111.80.0.0,111.83.255.255,TW
112.78.64.0,112.78.95.255,TW
112.78.104.0,112.78.111.255,TW
112.104.0.0,112.105.255.255,TW
112.121.32.0,112.121.47.255,TW
112.121.64.0,112.121.127.255,TW
114.24.0.0,114.27.255.255,TW
114.29.240.0,114.29.243.255,TW
114.29.244.0,114.29.247.255,TW
114.30.32.0,114.30.47.255,TW
114.32.0.0,114.47.255.255,TW
115.80.0.0,115.83.255.255,TW
115.85.144.0,115.85.159.255,TW
116.118.128.0,116.118.191.255,TW
119.30.16.0,119.30.31.255,TW
119.31.176.0,119.31.191.255,TW
120.96.0.0,120.127.255.255,TW
103.231.48.0,103.231.51.255,TW
103.234.204.0,103.234.207.255,TW
103.234.224.0,103.234.227.255,TW
103.234.228.0,103.234.231.255,TW
103.235.88.0,103.235.91.255,TW
103.239.60.0,103.239.63.255,TW
103.246.208.0,103.246.211.255,TW
103.249.160.0,103.249.163.255,TW
