45.64.228.0,45.64.231.255,TW
45.64.232.0,45.64.235.255,TW
27.147.0.0,27.147.63.255,TW
43.224.20.0,43.224.23.255,TW
43.251.56.0,43.251.59.255,TW
43.251.60.0,43.251.63.255,TW
43.243.252.0,43.243.255.255,TW
27.0.152.0,27.0.155.255,TW
45.113.156.0,45.113.159.255,TW
27.240.0.0,27.247.255.255,TW
43.224.248.0,43.224.249.255,TW
43.240.24.0,43.240.27.255,TW
43.240.44.0,43.240.47.255,TW
43.240.104.0,43.240.107.255,TW
43.240.108.0,43.240.111.255,TW
43.246.188.0,43.246.191.255,TW
43.246.216.0,43.246.219.255,TW
27.51.0.0,27.51.255.255,TW
27.52.0.0,27.53.255.255,TW
27.96.224.0,27.96.255.255,TW
27.100.64.0,27.100.127.255,TW
27.105.0.0,27.105.255.255,TW
43.254.16.0,43.254.19.255,TW
43.254.60.0,43.254.63.255,TW
36.224.0.0,36.239.255.255,TW
43.240.152.0,43.240.155.255,TW
43.241.32.0,43.241.35.255,TW
43.241.160.0,43.241.163.255,TW
43.248.16.0,43.248.19.255,TW
1.34.0.0,1.35.255.255,TW
43.255.12.0,43.255.15.255,TW
43.255.88.0,43.255.91.255,TW
43.255.92.0,43.255.95.255,TW
43.255.180.0,43.255.183.255,TW
39.1.0.0,39.1.255.255,TW
39.8.0.0,39.15.255.255,TW
42.0.64.0,42.0.127.255,TW
43.226.232.0,43.226.235.255,TW
43.227.24.0,43.227.27.255,TW
1.160.0.0,1.175.255.255,TW
1.200.0.0,1.200.255.255,TW
45.64.28.0,45.64.31.255,TW
45.64.32.0,45.64.35.255,TW
45.64.74.0,45.64.75.255,TW
42.64.0.0,42.79.255.255,TW
43.250.44.0,43.250.47.255,TW
103.3.192.0,103.3.195.255,TW
61.30.0.0,61.30.255.255,TW
61.31.0.0,61.31.255.255,TW
103.17.240.0,103.17.243.255,TW
103.10.204.0,103.10.207.255,TW
103.21.60.0,103.21.63.255,TW
103.21.196.0,103.21.199.255,TW
103.28.200.0,103.28.201.255,TW
49.128.64.0,49.128.95.255,TW
49.128.112.0,49.128.127.255,TW
58.114.0.0,58.115.255.255,TW
60.198.0.0,60.198.255.255,TW
60.199.0.0,60.199.255.255,TW
60.244.0.0,60.244.31.255,TW
60.244.32.0,60.244.63.255,TW
60.244.64.0,60.244.127.255,TW
60.244.128.0,60.244.255.255,TW
60.245.0.0,60.245.63.255,TW
60.245.64.0,60.245.95.255,TW
60.245.96.0,60.245.127.255,TW
60.248.0.0,60.248.255.255,TW
61.56.0.0,61.63.255.255,TW
61.64.0.0,61.67.255.255,TW
61.70.0.0,61.70.127.255,TW
61.70.128.0,61.70.255.255,TW
61.71.0.0,61.71.127.255,TW
61.71.128.0,61.71.255.255,TW
101.136.0.0,101.139.255.255,TW
103.4.104.0,103.4.107.255,TW
103.8.104.0,103.8.107.255,TW
103.18.128.0,103.18.131.255,TW
103.22.156.0,103.22.159.255,TW
103.25.232.0,103.25.235.255,TW
103.25.236.0,103.25.239.255,TW
103.30.44.0,103.30.47.255,TW
49.158.0.0,49.159.255.255,TW
49.213.128.0,49.213.255.255,TW
49.214.0.0,49.215.255.255,TW
49.216.0.0,49.219.255.255,TW
59.102.128.0,59.102.255.255,TW
59.104.0.0,59.105.255.255,TW
59.112.0.0,59.119.255.255,TW
59.120.0.0,59.123.255.255,TW
59.124.0.0,59.127.255.255,TW
60.249.0.0,60.249.255.255,TW
60.250.0.0,60.251.255.255,TW
61.216.0.0,61.216.255.255,TW
61.217.0.0,61.217.255.255,TW
61.218.0.0,61.219.255.255,TW
61.220.0.0,61.223.255.255,TW
61.224.0.0,61.227.255.255,TW
61.228.0.0,61.231.255.255,TW
103.1.220.0,103.1.223.255,TW
103.5.32.0,103.5.35.255,TW
103.5.44.0,103.5.47.255,TW
103.5.100.0,103.5.103.255,TW
103.9.116.0,103.9.119.255,TW
103.23.108.0,103.23.111.255,TW
103.30.128.0,103.30.131.255,TW
103.30.132.0,103.30.135.255,TW
103.35.204.0,103.35.207.255,TW
103.36.116.0,103.36.119.255,TW
61.20.0.0,61.20.255.255,TW
61.247.160.0,61.247.175.255,TW
101.0.128.0,101.0.255.255,TW
101.3.0.0,101.3.255.255,TW
101.8.0.0,101.15.255.255,TW
103.2.216.0,103.2.219.255,TW
103.10.4.0,103.10.7.255,TW
103.16.240.0,103.16.243.255,TW
103.16.244.0,103.16.247.255,TW
103.17.8.0,103.17.11.255,TW
103.20.40.0,103.20.43.255,TW
103.20.176.0,103.20.179.255,TW
103.24.100.0,103.24.103.255,TW
103.31.196.0,103.31.199.255,TW
45.121.48.0,45.121.51.255,TW
58.86.0.0,58.86.255.255,TW
58.99.0.0,58.99.63.255,TW
58.99.64.0,58.99.127.255,TW
103.59.220.0,103.59.223.255,TW
103.226.100.0,103.226.103.255,TW
103.226.212.0,103.226.215.255,TW
103.200.0.0,103.200.3.255,TW
103.227.32.0,103.227.35.255,TW
103.227.224.0,103.227.227.255,TW
103.38.146.0,103.38.147.255,TW
103.42.112.0,103.42.113.255,TW
103.42.144.0,103.42.147.255,TW
103.42.148.0,103.42.151.255,TW
103.43.48.0,103.43.51.255,TW
103.46.144.0,103.46.147.255,TW
103.46.188.0,103.46.191.255,TW
103.61.136.0,103.61.139.255,TW
103.196.172.0,103.196.175.255,TW
103.207.252.0,103.207.255.255,TW
103.228.216.0,103.228.219.255,TW
103.51.140.0,103.51.143.255,TW
103.197.172.0,103.197.175.255,TW
103.208.196.0,103.208.197.255,TW
103.224.132.0,103.224.135.255,TW
103.224.192.0,103.224.195.255,TW
103.224.200.0,103.224.203.255,TW
103.224.204.0,103.224.207.255,TW
103.225.0.0,103.225.3.255,TW
103.37.36.0,103.37.39.255,TW
115.30.64.0,115.30.127.255,TW
115.42.80.0,115.42.95.255,TW
115.42.112.0,115.42.119.255,TW
115.43.0.0,115.43.255.255,TW
111.235.192.0,111.235.255.255,TW
111.240.0.0,111.255.255.255,TW
113.61.128.0,113.61.255.255,TW
113.196.0.0,113.196.255.255,TW
116.89.128.0,116.89.143.255,TW
117.103.96.0,117.103.111.255,TW
119.14.0.0,119.14.255.255,TW
119.15.192.0,119.15.255.255,TW
103.234.40.0,103.234.43.255,TW
103.234.76.0,103.234.79.255,TW
103.234.80.0,103.234.83.255,TW
103.252.68.0,103.252.71.255,TW
103.252.128.0,103.252.131.255,TW
103.252.196.0,103.252.199.255,TW
103.252.244.0,103.252.244.255,TW
106.1.0.0,106.1.255.255,TW
106.64.0.0,106.65.255.255,TW
106.104.0.0,106.107.255.255,TW
111.67.48.0,111.67.63.255,TW
111.70.0.0,111.71.255.255,TW
111.80.0.0,111.83.255.255,TW
112.78.64.0,112.78.95.255,TW
112.78.104.0,112.78.111.255,TW
112.104.0.0,112.105.255.255,TW
112.121.32.0,112.121.47.255,TW
112.121.64.0,112.121.127.255,TW
114.24.0.0,114.27.255.255,TW
114.29.240.0,114.29.243.255,TW
114.29.244.0,114.29.247.255,TW
114.30.32.0,114.30.47.255,TW
114.32.0.0,114.47.255.255,TW
115.80.0.0,115.83.255.255,TW
115.85.144.0,115.85.159.255,TW
116.118.128.0,116.118.191.255,TW
119.30.16.0,119.30.31.255,TW
119.31.176.0,119.31.191.255,TW
120.96.0.0,120.127.255.255,TW
103.231.48.0,103.231.51.255,TW
103.234.204.0,103.234.207.255,TW
103.234.224.0,103.234.227.255,TW
103.234.228.0,103.234.231.255,TW
103.235.88.0,103.235.91.255,TW
103.239.60.0,103.239.63.255,TW
103.246.208.0,103.246.211.255,TW
103.249.160.0,103.249.163.255,TW
103.253.184.0,103.253.187.255,TW
110.24.0.0,110.31.255.255,TW
110.50.128.0,110.50.191.255,TW
111.125.128.0,111.125.135.255,TW
112.213.48.0,112.213.63.255,TW
115.165.192.0,115.165.255.255,TW
116.212.80.0,116.212.95.255,TW
116.214.0.0,116.214.15.255,TW
116.241.0.0,116.241.255.255,TW
118.99.128.0,118.99.255.255,TW
119.75.240.0,119.75.255.255,TW
119.77.128.0,119.77.255.255,TW
121.50.144.0,121.50.151.255,TW
121.50.176.0,121.50.191.255,TW
103.243.248.0,103.243.251.255,TW
103.246.218.0,103.246.219.255,TW
103.247.112.0,103.247.115.255,TW
111.184.0.0,111.185.255.255,TW
113.21.80.0,113.21.95.255,TW
113.21.160.0,113.21.191.255,TW
114.136.0.0,114.137.255.255,TW
114.140.0.0,114.140.255.255,TW
114.198.160.0,114.198.175.255,TW
114.198.176.0,114.198.191.255,TW
116.50.32.0,116.50.47.255,TW
116.59.0.0,116.59.255.255,TW
117.19.0.0,117.19.255.255,TW
117.56.0.0,117.56.255.255,TW
118.150.0.0,118.150.255.255,TW
118.160.0.0,118.167.255.255,TW
118.168.0.0,118.171.255.255,TW
118.231.0.0,118.231.255.255,TW
118.232.0.0,118.233.255.255,TW
119.160.240.0,119.160.255.255,TW
103.229.100.0,103.229.103.255,TW
103.229.124.0,103.229.127.255,TW
103.229.132.0,103.229.135.255,TW
103.233.68.0,103.233.71.255,TW
103.241.68.0,103.241.71.255,TW
134.208.0.0,134.208.255.255,TW
175.180.0.0,175.183.255.255,TW
175.184.240.0,175.184.247.255,TW
180.92.0.0,180.92.15.255,TW
163.14.0.0,163.15.255.255,TW
163.16.0.0,163.31.255.255,TW
163.32.0.0,163.32.255.255,TW
168.95.0.0,168.95.255.255,TW
192.72.3.0,192.72.3.255,TW
192.72.4.0,192.72.4.255,TW
192.72.5.0,192.72.5.255,TW
192.72.6.0,192.72.6.255,TW
192.72.7.0,192.72.7.255,TW
192.72.8.0,192.72.8.255,TW
192.72.9.0,192.72.9.255,TW
192.72.10.0,192.72.10.255,TW
192.72.11.0,192.72.11.255,TW
192.72.12.0,192.72.12.255,TW
192.72.13.0,192.72.13.255,TW
192.72.14.0,192.72.14.255,TW
192.72.15.0,192.72.15.255,TW
192.72.16.0,192.72.16.255,TW
192.72.17.0,192.72.17.255,TW
192.72.18.0,192.72.18.255,TW
192.72.19.0,192.72.19.255,TW
192.72.20.0,192.72.20.255,TW
192.72.21.0,192.72.21.255,TW
192.72.22.0,192.72.22.255,TW
192.72.23.0,192.72.23.255,TW
192.72.24.0,192.72.24.255,TW
192.72.25.0,192.72.25.255,TW
192.72.26.0,192.72.26.255,TW
192.72.27.0,192.72.27.255,TW
192.72.28.0,192.72.28.255,TW
192.72.29.0,192.72.29.255,TW
192.72.30.0,192.72.30.255,TW
192.72.31.0,192.72.31.255,TW
192.72.32.0,192.72.32.255,TW
192.72.33.0,192.72.33.255,TW
192.72.34.0,192.72.35.255,TW
192.72.36.0,192.72.39.255,TW
192.72.40.0,192.72.47.255,TW
192.72.48.0,192.72.63.255,TW
192.72.64.0,192.72.127.255,TW
192.72.128.0,192.72.131.255,TW
192.72.132.0,192.72.132.255,TW
192.72.133.0,192.72.133.255,TW
192.72.134.0,192.72.135.255,TW
192.72.136.0,192.72.143.255,TW
192.72.144.0,192.72.159.255,TW
192.72.160.0,192.72.191.255,TW
192.72.192.0,192.72.223.255,TW
192.72.224.0,192.72.239.255,TW
192.72.240.0,192.72.247.255,TW
192.72.248.0,192.72.251.255,TW
192.72.252.0,192.72.252.255,TW
180.222.204.0,180.222.207.255,TW
192.83.166.0,192.83.166.255,TW
192.83.167.0,192.83.167.255,TW
192.83.168.0,192.83.168.255,TW
192.83.169.0,192.83.169.255,TW
192.83.170.0,192.83.170.255,TW
192.83.171.0,192.83.171.255,TW
192.83.172.0,192.83.172.255,TW
192.83.173.0,192.83.173.255,TW
192.83.174.0,192.83.174.255,TW
192.83.175.0,192.83.175.255,TW
192.83.176.0,192.83.176.255,TW
192.83.177.0,192.83.177.255,TW
192.83.178.0,192.83.178.255,TW
192.83.179.0,192.83.179.255,TW
192.83.180.0,192.83.180.255,TW
192.83.181.0,192.83.181.255,TW
192.83.182.0,192.83.183.255,TW
192.83.184.0,192.83.184.255,TW
192.83.185.0,192.83.185.255,TW
192.83.186.0,192.83.186.255,TW
192.83.187.0,192.83.187.255,TW
192.83.188.0,192.83.188.255,TW
192.83.189.0,192.83.189.255,TW
192.83.190.0,192.83.190.255,TW
192.83.191.0,192.83.191.255,TW
192.83.192.0,192.83.192.255,TW
192.83.193.0,192.83.193.255,TW
192.83.194.0,192.83.195.255,TW
192.83.196.0,192.83.196.255,TW
121.254.64.0,121.254.127.255,TW
122.252.160.0,122.252.175.255,TW
122.254.0.0,122.254.63.255,TW
122.255.80.0,122.255.95.255,TW
123.0.32.0,123.0.63.255,TW
123.0.192.0,123.0.255.255,TW
123.50.32.0,123.50.63.255,TW
123.51.128.0,123.51.255.255,TW
124.29.128.0,124.29.159.255,TW
124.29.160.0,124.29.191.255,TW
125.62.224.0,125.62.239.255,TW
