61.56.0.0,61.63.255.255,TW
61.64.0.0,61.67.255.255,TW
61.70.0.0,61.70.127.255,TW
61.70.128.0,61.70.255.255,TW
61.71.0.0,61.71.127.255,TW
61.71.128.0,61.71.255.255,TW
101.136.0.0,101.139.255.255,TW
103.4.104.0,103.4.107.255,TW
103.8.104.0,103.8.107.255,TW
103.18.128.0,103.18.131.255,TW
103.22.156.0,103.22.159.255,TW
103.25.232.0,103.25.235.255,TW
103.25.236.0,103.25.239.255,TW
103.30.44.0,103.30.47.255,TW
49.158.0.0,49.159.255.255,TW
49.213.128.0,49.213.255.255,TW
49.214.0.0,49.215.255.255,TW
49.216.0.0,49.219.255.255,TW
59.102.128.0,59.102.255.255,TW
59.104.0.0,59.105.255.255,TW
59.112.0.0,59.119.255.255,TW
59.120.0.0,59.123.255.255,TW
59.124.0.0,59.127.255.255,TW
60.249.0.0,60.249.255.255,TW
60.250.0.0,60.251.255.255,TW
61.216.0.0,61.216.255.255,TW
61.217.0.0,61.217.255.255,TW
61.218.0.0,61.219.255.255,TW
61.220.0.0,61.223.255.255,TW
61.224.0.0,61.227.255.255,TW
61.228.0.0,61.231.255.255,TW
103.1.220.0,103.1.223.255,TW
103.5.32.0,103.5.35.255,TW
